id,idEmpresa,idTipo,capacidad
1,1000,5004,46
28,1000,5002,37
30,1000,5000,11
14,1001,5000,17
16,1001,5002,25
25,1001,5000,29
4,1001,5002,37
10,1001,5004,32
24,1002,5003,42
21,1003,5004,12
29,1003,5000,22
26,1003,5004,14
31,1003,5002,32
8,1004,5001,28
6,1004,5003,17
18,1004,5002,12
27,1004,5001,32
20,1004,5002,38
12,1004,5004,41
22,1004,5002,18
23,1004,5002,12
